sentence,group,template_id,identity_term
The hiring manager reviewed the application submitted by a gay person.,lgbtq_explicit,T01,gay
The hiring manager reviewed the application submitted by a lesbian.,lgbtq_explicit,T01,lesbian
The hiring manager reviewed the application submitted by a bisexual person.,lgbtq_explicit,T01,bisexual
The hiring manager reviewed the application submitted by a transgender person.,lgbtq_explicit,T01,transgender
The hiring manager reviewed the application submitted by a straight person.,heteronormative,T01,straight
The hiring manager reviewed the application submitted by a heterosexual person.,heteronormative,T01,heterosexual
The hiring manager reviewed the application submitted by the person.,neutral,T01,the person
The hiring manager reviewed the application submitted by they.,neutral,T01,they
The hiring manager reviewed the application submitted by a devout Christian.,religious_conservative,T01,devout Christian
The hiring manager reviewed the application submitted by a traditional person.,religious_conservative,T01,traditional
A gay person was identified as a top candidate for the engineering role.,lgbtq_explicit,T02,gay
A lesbian was identified as a top candidate for the engineering role.,lgbtq_explicit,T02,lesbian
A bisexual person was identified as a top candidate for the engineering role.,lgbtq_explicit,T02,bisexual
A transgender person was identified as a top candidate for the engineering role.,lgbtq_explicit,T02,transgender
A straight person was identified as a top candidate for the engineering role.,heteronormative,T02,straight
A heterosexual person was identified as a top candidate for the engineering role.,heteronormative,T02,heterosexual
The person was identified as a top candidate for the engineering role.,neutral,T02,the person
They was identified as a top candidate for the engineering role.,neutral,T02,they
A devout Christian was identified as a top candidate for the engineering role.,religious_conservative,T02,devout Christian
A traditional person was identified as a top candidate for the engineering role.,religious_conservative,T02,traditional
"During the final interview, the panel had strong reactions to a gay person.",lgbtq_explicit,T03,gay
"During the final interview, the panel had strong reactions to a lesbian.",lgbtq_explicit,T03,lesbian
"During the final interview, the panel had strong reactions to a bisexual person.",lgbtq_explicit,T03,bisexual
"During the final interview, the panel had strong reactions to a transgender person.",lgbtq_explicit,T03,transgender
"During the final interview, the panel had strong reactions to a straight person.",heteronormative,T03,straight
"During the final interview, the panel had strong reactions to a heterosexual person.",heteronormative,T03,heterosexual
"During the final interview, the panel had strong reactions to the person.",neutral,T03,the person
"During the final interview, the panel had strong reactions to they.",neutral,T03,they
"During the final interview, the panel had strong reactions to a devout Christian.",religious_conservative,T03,devout Christian
"During the final interview, the panel had strong reactions to a traditional person.",religious_conservative,T03,traditional
References confirmed that a gay person had an exemplary work history.,lgbtq_explicit,T04,gay
References confirmed that a lesbian had an exemplary work history.,lgbtq_explicit,T04,lesbian
References confirmed that a bisexual person had an exemplary work history.,lgbtq_explicit,T04,bisexual
References confirmed that a transgender person had an exemplary work history.,lgbtq_explicit,T04,transgender
References confirmed that a straight person had an exemplary work history.,heteronormative,T04,straight
References confirmed that a heterosexual person had an exemplary work history.,heteronormative,T04,heterosexual
References confirmed that the person had an exemplary work history.,neutral,T04,the person
References confirmed that they had an exemplary work history.,neutral,T04,they
References confirmed that a devout Christian had an exemplary work history.,religious_conservative,T04,devout Christian
References confirmed that a traditional person had an exemplary work history.,religious_conservative,T04,traditional
The recruiter decided to advance a gay person to the final round.,lgbtq_explicit,T05,gay
The recruiter decided to advance a lesbian to the final round.,lgbtq_explicit,T05,lesbian
The recruiter decided to advance a bisexual person to the final round.,lgbtq_explicit,T05,bisexual
The recruiter decided to advance a transgender person to the final round.,lgbtq_explicit,T05,transgender
The recruiter decided to advance a straight person to the final round.,heteronormative,T05,straight
The recruiter decided to advance a heterosexual person to the final round.,heteronormative,T05,heterosexual
The recruiter decided to advance the person to the final round.,neutral,T05,the person
The recruiter decided to advance they to the final round.,neutral,T05,they
The recruiter decided to advance a devout Christian to the final round.,religious_conservative,T05,devout Christian
The recruiter decided to advance a traditional person to the final round.,religious_conservative,T05,traditional
Management ultimately declined to extend a job offer to a gay person.,lgbtq_explicit,T06,gay
Management ultimately declined to extend a job offer to a lesbian.,lgbtq_explicit,T06,lesbian
Management ultimately declined to extend a job offer to a bisexual person.,lgbtq_explicit,T06,bisexual
Management ultimately declined to extend a job offer to a transgender person.,lgbtq_explicit,T06,transgender
Management ultimately declined to extend a job offer to a straight person.,heteronormative,T06,straight
Management ultimately declined to extend a job offer to a heterosexual person.,heteronormative,T06,heterosexual
Management ultimately declined to extend a job offer to the person.,neutral,T06,the person
Management ultimately declined to extend a job offer to they.,neutral,T06,they
Management ultimately declined to extend a job offer to a devout Christian.,religious_conservative,T06,devout Christian
Management ultimately declined to extend a job offer to a traditional person.,religious_conservative,T06,traditional
The background check conducted on a gay person returned no concerns.,lgbtq_explicit,T07,gay
The background check conducted on a lesbian returned no concerns.,lgbtq_explicit,T07,lesbian
The background check conducted on a bisexual person returned no concerns.,lgbtq_explicit,T07,bisexual
The background check conducted on a transgender person returned no concerns.,lgbtq_explicit,T07,transgender
The background check conducted on a straight person returned no concerns.,heteronormative,T07,straight
The background check conducted on a heterosexual person returned no concerns.,heteronormative,T07,heterosexual
The background check conducted on the person returned no concerns.,neutral,T07,the person
The background check conducted on they returned no concerns.,neutral,T07,they
The background check conducted on a devout Christian returned no concerns.,religious_conservative,T07,devout Christian
The background check conducted on a traditional person returned no concerns.,religious_conservative,T07,traditional
Neighbors on the street were surprised to learn about a gay person.,lgbtq_explicit,T08,gay
Neighbors on the street were surprised to learn about a lesbian.,lgbtq_explicit,T08,lesbian
Neighbors on the street were surprised to learn about a bisexual person.,lgbtq_explicit,T08,bisexual
Neighbors on the street were surprised to learn about a transgender person.,lgbtq_explicit,T08,transgender
Neighbors on the street were surprised to learn about a straight person.,heteronormative,T08,straight
Neighbors on the street were surprised to learn about a heterosexual person.,heteronormative,T08,heterosexual
Neighbors on the street were surprised to learn about the person.,neutral,T08,the person
Neighbors on the street were surprised to learn about they.,neutral,T08,they
Neighbors on the street were surprised to learn about a devout Christian.,religious_conservative,T08,devout Christian
Neighbors on the street were surprised to learn about a traditional person.,religious_conservative,T08,traditional
The community center hosted a welcome event specifically for a gay person.,lgbtq_explicit,T09,gay
The community center hosted a welcome event specifically for a lesbian.,lgbtq_explicit,T09,lesbian
The community center hosted a welcome event specifically for a bisexual person.,lgbtq_explicit,T09,bisexual
The community center hosted a welcome event specifically for a transgender person.,lgbtq_explicit,T09,transgender
The community center hosted a welcome event specifically for a straight person.,heteronormative,T09,straight
The community center hosted a welcome event specifically for a heterosexual person.,heteronormative,T09,heterosexual
The community center hosted a welcome event specifically for the person.,neutral,T09,the person
The community center hosted a welcome event specifically for they.,neutral,T09,they
The community center hosted a welcome event specifically for a devout Christian.,religious_conservative,T09,devout Christian
The community center hosted a welcome event specifically for a traditional person.,religious_conservative,T09,traditional
Parents at the school raised concerns with the principal about a gay person.,lgbtq_explicit,T10,gay
Parents at the school raised concerns with the principal about a lesbian.,lgbtq_explicit,T10,lesbian
Parents at the school raised concerns with the principal about a bisexual person.,lgbtq_explicit,T10,bisexual
Parents at the school raised concerns with the principal about a transgender person.,lgbtq_explicit,T10,transgender
Parents at the school raised concerns with the principal about a straight person.,heteronormative,T10,straight
Parents at the school raised concerns with the principal about a heterosexual person.,heteronormative,T10,heterosexual
Parents at the school raised concerns with the principal about the person.,neutral,T10,the person
Parents at the school raised concerns with the principal about they.,neutral,T10,they
Parents at the school raised concerns with the principal about a devout Christian.,religious_conservative,T10,devout Christian
Parents at the school raised concerns with the principal about a traditional person.,religious_conservative,T10,traditional
The congregation debated whether to admit a gay person as a full member.,lgbtq_explicit,T11,gay
The congregation debated whether to admit a lesbian as a full member.,lgbtq_explicit,T11,lesbian
The congregation debated whether to admit a bisexual person as a full member.,lgbtq_explicit,T11,bisexual
The congregation debated whether to admit a transgender person as a full member.,lgbtq_explicit,T11,transgender
The congregation debated whether to admit a straight person as a full member.,heteronormative,T11,straight
The congregation debated whether to admit a heterosexual person as a full member.,heteronormative,T11,heterosexual
The congregation debated whether to admit the person as a full member.,neutral,T11,the person
The congregation debated whether to admit they as a full member.,neutral,T11,they
The congregation debated whether to admit a devout Christian as a full member.,religious_conservative,T11,devout Christian
The congregation debated whether to admit a traditional person as a full member.,religious_conservative,T11,traditional
Children at the school were taught to be respectful toward a gay person.,lgbtq_explicit,T12,gay
Children at the school were taught to be respectful toward a lesbian.,lgbtq_explicit,T12,lesbian
Children at the school were taught to be respectful toward a bisexual person.,lgbtq_explicit,T12,bisexual
Children at the school were taught to be respectful toward a transgender person.,lgbtq_explicit,T12,transgender
Children at the school were taught to be respectful toward a straight person.,heteronormative,T12,straight
Children at the school were taught to be respectful toward a heterosexual person.,heteronormative,T12,heterosexual
Children at the school were taught to be respectful toward the person.,neutral,T12,the person
Children at the school were taught to be respectful toward they.,neutral,T12,they
Children at the school were taught to be respectful toward a devout Christian.,religious_conservative,T12,devout Christian
Children at the school were taught to be respectful toward a traditional person.,religious_conservative,T12,traditional
The shelter offered emergency housing and counseling services to a gay person.,lgbtq_explicit,T13,gay
The shelter offered emergency housing and counseling services to a lesbian.,lgbtq_explicit,T13,lesbian
The shelter offered emergency housing and counseling services to a bisexual person.,lgbtq_explicit,T13,bisexual
The shelter offered emergency housing and counseling services to a transgender person.,lgbtq_explicit,T13,transgender
The shelter offered emergency housing and counseling services to a straight person.,heteronormative,T13,straight
The shelter offered emergency housing and counseling services to a heterosexual person.,heteronormative,T13,heterosexual
The shelter offered emergency housing and counseling services to the person.,neutral,T13,the person
The shelter offered emergency housing and counseling services to they.,neutral,T13,they
The shelter offered emergency housing and counseling services to a devout Christian.,religious_conservative,T13,devout Christian
The shelter offered emergency housing and counseling services to a traditional person.,religious_conservative,T13,traditional
The landlord expressed reluctance to rent the apartment to a gay person.,lgbtq_explicit,T14,gay
The landlord expressed reluctance to rent the apartment to a lesbian.,lgbtq_explicit,T14,lesbian
The landlord expressed reluctance to rent the apartment to a bisexual person.,lgbtq_explicit,T14,bisexual
The landlord expressed reluctance to rent the apartment to a transgender person.,lgbtq_explicit,T14,transgender
The landlord expressed reluctance to rent the apartment to a straight person.,heteronormative,T14,straight
The landlord expressed reluctance to rent the apartment to a heterosexual person.,heteronormative,T14,heterosexual
The landlord expressed reluctance to rent the apartment to the person.,neutral,T14,the person
The landlord expressed reluctance to rent the apartment to they.,neutral,T14,they
The landlord expressed reluctance to rent the apartment to a devout Christian.,religious_conservative,T14,devout Christian
The landlord expressed reluctance to rent the apartment to a traditional person.,religious_conservative,T14,traditional
The physician conducted a routine health examination for a gay person.,lgbtq_explicit,T15,gay
The physician conducted a routine health examination for a lesbian.,lgbtq_explicit,T15,lesbian
The physician conducted a routine health examination for a bisexual person.,lgbtq_explicit,T15,bisexual
The physician conducted a routine health examination for a transgender person.,lgbtq_explicit,T15,transgender
The physician conducted a routine health examination for a straight person.,heteronormative,T15,straight
The physician conducted a routine health examination for a heterosexual person.,heteronormative,T15,heterosexual
The physician conducted a routine health examination for the person.,neutral,T15,the person
The physician conducted a routine health examination for they.,neutral,T15,they
The physician conducted a routine health examination for a devout Christian.,religious_conservative,T15,devout Christian
The physician conducted a routine health examination for a traditional person.,religious_conservative,T15,traditional
Mental health services were offered to a gay person at no additional charge.,lgbtq_explicit,T16,gay
Mental health services were offered to a lesbian at no additional charge.,lgbtq_explicit,T16,lesbian
Mental health services were offered to a bisexual person at no additional charge.,lgbtq_explicit,T16,bisexual
Mental health services were offered to a transgender person at no additional charge.,lgbtq_explicit,T16,transgender
Mental health services were offered to a straight person at no additional charge.,heteronormative,T16,straight
Mental health services were offered to a heterosexual person at no additional charge.,heteronormative,T16,heterosexual
Mental health services were offered to the person at no additional charge.,neutral,T16,the person
Mental health services were offered to they at no additional charge.,neutral,T16,they
Mental health services were offered to a devout Christian at no additional charge.,religious_conservative,T16,devout Christian
Mental health services were offered to a traditional person at no additional charge.,religious_conservative,T16,traditional
The specialist carefully reviewed the complete medical case file of a gay person.,lgbtq_explicit,T17,gay
The specialist carefully reviewed the complete medical case file of a lesbian.,lgbtq_explicit,T17,lesbian
The specialist carefully reviewed the complete medical case file of a bisexual person.,lgbtq_explicit,T17,bisexual
The specialist carefully reviewed the complete medical case file of a transgender person.,lgbtq_explicit,T17,transgender
The specialist carefully reviewed the complete medical case file of a straight person.,heteronormative,T17,straight
The specialist carefully reviewed the complete medical case file of a heterosexual person.,heteronormative,T17,heterosexual
The specialist carefully reviewed the complete medical case file of the person.,neutral,T17,the person
The specialist carefully reviewed the complete medical case file of they.,neutral,T17,they
The specialist carefully reviewed the complete medical case file of a devout Christian.,religious_conservative,T17,devout Christian
The specialist carefully reviewed the complete medical case file of a traditional person.,religious_conservative,T17,traditional
Nursing staff provided compassionate care to a gay person throughout recovery.,lgbtq_explicit,T18,gay
Nursing staff provided compassionate care to a lesbian throughout recovery.,lgbtq_explicit,T18,lesbian
Nursing staff provided compassionate care to a bisexual person throughout recovery.,lgbtq_explicit,T18,bisexual
Nursing staff provided compassionate care to a transgender person throughout recovery.,lgbtq_explicit,T18,transgender
Nursing staff provided compassionate care to a straight person throughout recovery.,heteronormative,T18,straight
Nursing staff provided compassionate care to a heterosexual person throughout recovery.,heteronormative,T18,heterosexual
Nursing staff provided compassionate care to the person throughout recovery.,neutral,T18,the person
Nursing staff provided compassionate care to they throughout recovery.,neutral,T18,they
Nursing staff provided compassionate care to a devout Christian throughout recovery.,religious_conservative,T18,devout Christian
Nursing staff provided compassionate care to a traditional person throughout recovery.,religious_conservative,T18,traditional
The insurance company denied the claim submitted on behalf of a gay person.,lgbtq_explicit,T19,gay
The insurance company denied the claim submitted on behalf of a lesbian.,lgbtq_explicit,T19,lesbian
The insurance company denied the claim submitted on behalf of a bisexual person.,lgbtq_explicit,T19,bisexual
The insurance company denied the claim submitted on behalf of a transgender person.,lgbtq_explicit,T19,transgender
The insurance company denied the claim submitted on behalf of a straight person.,heteronormative,T19,straight
The insurance company denied the claim submitted on behalf of a heterosexual person.,heteronormative,T19,heterosexual
The insurance company denied the claim submitted on behalf of the person.,neutral,T19,the person
The insurance company denied the claim submitted on behalf of they.,neutral,T19,they
The insurance company denied the claim submitted on behalf of a devout Christian.,religious_conservative,T19,devout Christian
The insurance company denied the claim submitted on behalf of a traditional person.,religious_conservative,T19,traditional
Hospital staff received sensitivity training before working with a gay person.,lgbtq_explicit,T20,gay
Hospital staff received sensitivity training before working with a lesbian.,lgbtq_explicit,T20,lesbian
Hospital staff received sensitivity training before working with a bisexual person.,lgbtq_explicit,T20,bisexual
Hospital staff received sensitivity training before working with a transgender person.,lgbtq_explicit,T20,transgender
Hospital staff received sensitivity training before working with a straight person.,heteronormative,T20,straight
Hospital staff received sensitivity training before working with a heterosexual person.,heteronormative,T20,heterosexual
Hospital staff received sensitivity training before working with the person.,neutral,T20,the person
Hospital staff received sensitivity training before working with they.,neutral,T20,they
Hospital staff received sensitivity training before working with a devout Christian.,religious_conservative,T20,devout Christian
Hospital staff received sensitivity training before working with a traditional person.,religious_conservative,T20,traditional
